text,tema_busca,categoria
"desporto (português europeu) ou esporte (português brasileiro) é uma atividade física ou jogo. é toda a forma de praticar alguma atividade física, de forma metódica, com objetivos competitivos, que por meio de participação casual ou organizada, procure usar, manter ou melhorar as habilidades físicas e/ou mentais, proporcionando diversão aos participantes e, em alguns casos, entretenimento para os espectadores.
os objetivos do desporto podem ser, além da competição, também recreativos, ou de melhoria da saúde, ou ainda de melhoria de aptidão física e/ou mental.",Desporto,esporte
"cruzeiro esporte clube é uma associação poliesportiva brasileira sediada em belo horizonte, minas gerais. é considerado um dos maiores clubes de futebol do brasil e da américa do sul. fundado em 1921 com o nome de società sportiva palestra italia, foi rebatizado para seu nome atual em 1942 - em referência ao cruzeiro do sul - por imposição do governo federal à época proibiu o uso no país de quaisquer símbolos de alemanha, itália e japão, nações inimigas do brasil no contexto da segunda guerra mundial.",Cruzeiro Esporte Clube,esporte
"o esporte clube bahia é um clube esportivo brasileiro da cidade de salvador, capital da bahia. conhecido simplesmente como bahia ou pela sigla ecb, foi fundado em 1 de janeiro de 1931 por ex-jogadores do clube bahiano de tênis e a associação atlética da bahia, agremiações que tinham encerrado suas atividades futebolísticas no final da década de 1920, e que ostenta como maior destaque duas conquistas do campeonato brasileiro de futebol.
foi co-fundador do clube dos 13 em 1987, que reunia as treze agremiações mais importantes do futebol brasileiro e que representavam 95% dos torcedores brasileiros na época.",Esporte Clube Bahia,esporte
"o esporte clube sírio é um clube esportivo, recreativo e social, e foi fundado como clube de futebol em 14 de julho de 1917 na cidade são paulo. é um dos mais tradicionais clubes do país, e suas cores são vermelho e branco. seu departamento de futebol para disputas oficiais foi desativado em 1935.",Esporte Clube Sírio,esporte
"o blumenau esporte clube, popularmente conhecido como bec, é um clube de futebol sediado em blumenau, santa catarina, brasil. fundado em 1919 com o nome de brasil football club, passou posteriormente pelas denominações recreativo brasil esporte clube e palmeiras esporte clube, até adotar o nome atual em 1980.
o clube ganhou destaque nacional nas décadas de 1980 e 1990, quando disputou competições como o campeonato brasileiro série b, o campeonato brasileiro série c e a copa do brasil.",Blumenau Esporte Clube (1919),esporte
"esporte interativo foi um bloco televisivo e canal de televisão brasileiro, tendo sido criado pela empresa topsport. ficou conhecido pela aquisição de direitos de transmissão de competições de futebol europeu para a televisão aberta, ocupando faixas de programação da redetv! e da band a partir de 2004.",Esporte Interativo,esporte
"o são josé esporte clube (acrônimo: sjec) é um clube esportivo brasileiro da cidade de são josé dos campos, interior do estado de são paulo, fundado em 13 de agosto de 1933. suas cores atuais são o azul anil, o amarelo-ouro e o branco.


== história ==


=== nomes da instituição ===
esporte clube são josé - 1933 a 1975
são josé esporte clube - 1976 a 2002
esporte são josé - 2003 a 2004
são josé esporte clube - desde 2005


=== fundação e era amadora - esporte clube são josé ===

o estopim para a fundação do clube foi um desentendimento entre o esportista e diretor galiano alves, e seus companheiros de diretoria da associação esportiva são josé, antigo clube da cidade.",São José Esporte Clube,esporte
"esporte clube jacuipense é um clube brasileiro de futebol, da cidade de riachão do jacuípe, no estado da bahia. suas cores são o grená e o branco. atualmente, disputa a série d do campeonato brasileiro e a 1ª divisão do campeonato baiano.",Esporte Clube Jacuipense,esporte
"o cuiabá esporte clube, ou apenas cuiabá, é um clube de futebol brasileiro saf sediado na cidade de cuiabá. foi fundado no dia 12 de dezembro de 2001 pelo ex-jogador luís carlos tóffoli, mais conhecido como gaúcho. suas cores tradicionais são o amarelo e o verde.",Cuiabá Esporte Clube,esporte
"o araucária esporte clube é um clube brasileiro de futebol, situado na cidade de araucária, paraná, fundado em 6 de agosto de 2018. suas cores são o amarelo e o preto.
em 2019 fez sua estreia no futebol profissional, disputando a terceira divisão do campeonato paranaense de futebol.",Araucária Esporte Clube,esporte
"o goiás esporte clube, ou apenas goiás, é uma agremiação esportiva brasileira, sediada na cidade de goiânia, no estado de goiás. tem como cores o verde e o branco (alviverde) e atualmente manda seus jogos no estádio hailé pinheiro (serrinha), e eventualmente jogando nos estádios serra dourada e olímpico.
fundado em 6 de abril de 1943, o goiás disputou o campeonato brasileiro pela primeira vez em 1967 (durante a nona edição da então taça brasil).",Goiás Esporte Clube,esporte
"o ministério do esporte (me) é um ministério brasileiro criado em 1995 pelo então presidente fernando henrique cardoso.


== história ==


=== ministério da educação e cultura ===
a história institucional do esporte no brasil teve início em 1937, quando, por intermédio da lei n° 378 de 13 de janeiro de 1937, foi criada a divisão de educação física do ministério da educação e cultura (def), que teve como diretores: major joão barbosa leite, coronel caio mário de noronha miranda, professor alfredo colombo, general antônio pires de castro filho, coronel genival de freitas e coronel arthur orlando da costa ferreira.
em 1970, a divisão foi transformada em departamento de educação física e desportos, ainda veiculada ao ministério da educação e cultura, e teve como diretores: coronel eric tinoco marques e coronel osny vasconcellos.",Ministério do Esporte (Brasil),esporte
"o esporte no brasil é praticado em muitas modalidades e é organizado por confederações nacionais de esportes, sendo a principal o comitê olímpico brasileiro. os brasileiros estão fortemente envolvidos com esportes. o futebol é o mais praticado no país.",Esporte no Brasil,esporte
"globo esporte é um telejornal esportivo apresentado pela tv globo desde 14 de agosto de 1978. também possui o portal online ge, em que são publicados materiais jornalísticos diariamente, abrangendo diversos tipos de esportes e modalidades, com foco em especial ao futebol.


== história ==
estreou em 14 de agosto de 1978, no lugar do copa brasil, ampliando assim o espaço para falar das notícias de todas as modalidades esportivas, sem descuidar do futebol.",Globo Esporte,esporte
"macaé esporte futebol clube é uma agremiação esportiva da cidade de macaé, no estado do rio de janeiro, fundada a 17 de julho de 1990.


== história ==


=== 1990-1997: o início ===
o macaé foi criado com o nome de botafogo futebol clube, em 17 de julho de 1990. inicialmente como clube amador, o botafogo começou a competir no mesmo ano de sua fundação, quando disputou um torneio organizado pela associação macaense de futebol e escola.",Macaé Esporte Futebol Clube,esporte
"o uberlândia esporte clube (uberlândia esporte clube por questões de naming rights) é uma agremiação esportiva sediada em uberlândia, no triângulo mineiro de minas gerais, fundada em 1 de novembro de 1922. as cores tradicionais do clube são o verde e branco.
é um dos mais tradicionais times do estado de minas gerais e um dos poucos do interior mineiro que faziam frente aos grandes times da capital, cruzeiro esporte clube e clube atlético mineiro.",Uberlândia Esporte Clube,esporte
"piauí esporte clube, conhecido popularmente apenas como piauí, é um clube esportivo brasileiro, sediado em teresina, capital do piauí. 


== história ==
o clube foi fundado em 15 de agosto de 1948 com o nome de buenos aires, em homenagem ao bairro onde se originou. filiou-se à federação piauiense de futebol em 1956.",Piauí Esporte Clube,esporte
"boa esporte clube é um clube de futebol brasileiro fundado em ituiutaba, em minas gerais, em 30 de abril de 1947 como ituiutaba esporte clube, tornando-se profissional em 1998.
em 2011, a equipe se transfere para a cidade de varginha, passando a jogar sob o nome de boa esporte clube. o ""novo"" nome do clube não é uma novidade, uma vez que boa já era o apelido do ituiutaba e primeiro nome do clube, fundado em 1947 como boa vontade esporte clube sua história atual é semeada por uma recente ascensão dentro do futebol estadual.",Boa Esporte Clube,esporte
"ceilândia esporte clube é uma agremiação esportiva brasileira, sediada em ceilândia, no distrito federal. fundado em 1963 como dom bosco esporte clube, o clube se profissionalizou em 1977 e foi renomeado e refundado em 25 de agosto de 1979.


== história ==


=== 1963-1979 - dom bosco esporte clube ===
o ceilândia esporte clube foi fundado em 1963 como dom bosco esporte clube.",Ceilândia Esporte Clube,esporte
"os desportos olímpicos (português europeu) ou esportes olímpicos (português brasileiro) compreendem todos os esportes já disputados nos jogos olímpicos de verão e de inverno. até 2008, havia 26 esportes, 36 disciplinas e cerca de 300 eventos no programa dos jogos de verão e 7 esportes, 15 disciplinas e cerca de 80 eventos nos jogos de inverno.


== esportes, modalidades e eventos ==

para efeito de competição olímpica, o comitê olímpico internacional (coi) faz uma distinção entre ""esporte"" e ""modalidade"".",Desporto olímpico,esporte
"tecnologia (do grego ""τέχνη"": ""técnica, arte, ofício"" e ""-λογία"": ""estudo"") é o conjunto de processos e habilidades usados na produção de bens ou serviços, ou na realização de objetivos, como em investigações científicas. isso também pode ser embutido em máquinas para permitir a operação destas sem conhecimento detalhado do funcionamento. sistema tecnológico (ou computacional) que através do input de dados, faz à análise destes e, então produz um resultado.",Tecnologia,tecnologia
"a tecnologia educacional (te) é a incorporação de tecnologias da informação e comunicação (tic) na educação para apoiar os processos de ensino e aprendizagem em diferentes contextos de educação formal e não formal. 
entende-se por tecnologia o resultado da fusão entre ciência e técnica. o conceito de tecnologia educacional pode ser enunciado como o conjunto de procedimentos (técnicas) que visam ""facilitar"" os processos de ensino e aprendizagem usando a ciência.",Tecnologia educacional,tecnologia
"instituto de tecnologia de massachusetts (em inglês:  massachusetts institute of technology), mais conhecido como mit, é uma universidade de pesquisa localizada em cambridge, massachusetts, estados unidos. fundada em 1861, em resposta à crescente industrialização dos estados unidos, o mit adotou um modelo europeu de universidade politécnica e salientou a instrução laboratorial em ciência aplicada e engenharia. segundo o ranking de 2022 da qs (quacquarelli symonds), um dos mais conceituados do mundo, o mit é a melhor universidade do mundo, posição que ocupa há dez anos consecutivos.",Instituto de Tecnologia de Massachusetts,tecnologia
"a tecnologia da informação (abreviado ti) é um conjunto de recursos utilizados para criar, processar, armazenar, recuperar e trocar dados e informações; um processo que faz parte das tecnologias da informação e comunicação (tic). um sistema de tecnologia da informação (sistema de ti) é geralmente um sistema de informação, um sistema de comunicação ou, mais especificamente falando, um sistema computacional – incluindo todo o hardware, software e, equipamentos periféricos — operado por um grupo limitado de usuários de ti que faz o tratamento de dados (estatística, relatório e, decisão).
embora os humanos estejam armazenando, recuperando, manipulando e comunicando informações desde que os primeiros sistemas de escrita foram desenvolvidos, o termo tecnologia da informação em seu sentido moderno apareceu pela primeira vez em um artigo de 1958 publicado na harvard business review como information technology; os autores harold j. leavitt e thomas l. whisler comentaram que ""a nova tecnologia ainda não tem um único nome estabelecido.",Tecnologia da informação,tecnologia
"durante a história científica e tecnológica na china, cientistas e engenheiros chineses antigos e modernos fizeram inovações científicas significativas, descobertas e avanços tecnológicos em várias disciplinas científicas, incluindo as ciências naturais, engenharia, medicina, tecnologia militar, matemática, geologia e astronomia. entre as primeiras invenções estavam o ábaco, o ""relógio das sombras"" e os primeiros artigos, como as lanternas de kongming. as quatro grandes invenções chinesas, a bússola, a pólvora, a fabricação de papel e a impressão (entre os mais importantes avanços tecnológicos), foram conhecidas na europa apenas no final da idade média, 1000 anos depois.",História da ciência e tecnologia na China,tecnologia
"o ministério da ciência, tecnologia e inovação (mcti) pertence à administração direta do governo federal do brasil, sendo responsável pela formulação e implementação da política nacional de ciência e tecnologia.


== história ==
foi criado como ministério da ciência e tecnologia (mct) durante o governo josé sarney em 15 de março de 1985, pelo decreto nº 91.146, como órgão central do sistema federal de ciência e tecnologia. o surgimento desse novo ministério, além de expressar a importância política desse segmento, atendeu a um antigo anseio da comunidade científica e tecnológica nacional.","Ministério da Ciência, Tecnologia e Inovação",tecnologia
"a história da tecnologia é a história das ferramentas e das técnicas úteis para fazer coisas práticas. relaciona-se intimamente com a história da ciência, que inclui a maneira como os seres humanos adquiriram o conhecimento básico necessário para construir coisas úteis.os esforços científicos, especialmente nos tempos modernos, dependeram em regra de tecnologias específicas que permitiram aos seres humanos sondar a natureza do universo, de forma mais precisa do que é permitida pelos nossos sentidos. os artefatos tecnológicos são produtos de uma economia, são uma força para o crescimento económico e constituem uma parte importante da nossa vida cotidiana.as inovações tecnológicas afetam e são afetadas pelas tradições culturais de uma sociedade.",História da tecnologia,tecnologia
"positivo tecnologia (b3: posi3

anteriormente positivo informática) é uma empresa brasileira de tecnologia, sediada em curitiba, paraná, que desenvolve, fabrica e comercializa computadores, celulares, tablets, dispositivos de casa e escritório inteligente, servidores, infraestrutura de ti, máquinas de pagamento e tecnologias educacionais.
a empresa possui fábricas em ilhéus (ba) e manaus (am), com presença na argentina, quênia, ruanda, china e taiwan.


== produtos ==

o portfólio de produtos e soluções são distribuídos nos canais de varejo, corporativo e instituições públicas brasileiras.",Positivo Tecnologia,tecnologia
"o termo tecnologia assistiva(pt-br) ou tecnologia de apoio(pt-pt?) agrupa dispositivos, técnicas e processos que podem prover assistência e reabilitação e melhorar a qualidade de vida de pessoas com deficiência. a tecnologia assistiva promove maior independência, permitindo que as pessoas com deficiência executem tarefas que anteriormente não conseguiam ou tinham grande dificuldade em realizar por meio de melhorias ou de mudanças de métodos de interação com a tecnologia necessária para executar estas tarefas.


== tecnologia assistiva ==
na sociedade da informação, muito tem-se falado sobre acessibilidade e design universal.",Tecnologia assistiva,tecnologia
"alta tecnologia (em inglês, high tech) refere-se à tecnologia considerada estado da arte ou de ponta (em inglês, cutting-edge), isto é, que trabalha com as mais recentes inovações tecnológicas, ou na sua investigação.
na procura do melhor artigo do new york times, a primeira ocorrência da expresão ""alta tecnologia"" numa história de 1950 advogando energia nuclear para a europa:
não existe classe de tecnologia com esta classificação - a definição sofre mutações ao longo do tempo, razão pela qual produtos considerados de ponta na década de 1960 são considerados, actualmente, se não de baixa tecnologia, completamente obsoletos. por este motivo, é recorrente o marketing aproveitar esta expressão para promover qualquer produto novo como sendo de ""alta tecnologia"".",Alta tecnologia,tecnologia
"tecnologias da informação e comunicação (tic) é um termo extensivo das áreas da informática e da ciência da computação para a tecnologia da informação (ti) que enfatiza o papel das comunicações unificadas (uc) e a integração das telecomunicações (linhas telefónicas e sinais sem fios) e dos computadores, bem como o software necessário, middleware, armazenamento de dados, multimédia e audiovisual, que permitem aos utilizadores (usuários) aceder, armazenar, transmitir, compreender e manipular informação (tecnologia digital comprimida).

as tic são também utilizadas para se referir à convergência (triple play) das redes de computadores com as redes audiovisuais e telefónicas através de uma arquitetura de computadores com uma única cablagem ou sistema de ligação (link system). existem grandes incentivos económicos para fundir o sistema de redes informáticas com as redes telefónicas utilizando um único sistema unificado de cablagem, distribuição de sinal digital e sistema de informação de gestão (sig).",Tecnologias da informação e comunicação,tecnologia
"a tecnologia espacial compreende a tecnologia relacionada à astronomia em geral e principalmente ao trânsito de objetos e formas de vida no espaço através de satélites, sondas e espaçonaves.",Tecnologia espacial,tecnologia
"a baixa tecnologia (do inglês: low tech) é uma tecnologia simples, oposta à obsessão da alta tecnologia.
a baixa tecnologia pode ser praticada ou fabricada com o mínimo de investimento de capital por parte de um indivíduo ou pequeno grupo. como também, o conhecimento por trás da prática pode ser completamente compreendido por um só indivíduo, livre da intensificação das especializações e compartimentalizações.",Baixa tecnologia,tecnologia
"tecnologia em informática é um curso reconhecido como graduação em nível superior pelo mec, diferente dos cursos técnicos. os cursos de tecnologia costumam durar entre 2 e 3 anos e já estão bem difundos entre as faculdades e universidades do brasil.
o profissional formado no curso de tecnologia em informática é denominado ""tecnólogo em informática"".",Tecnologia em informática,tecnologia
"em tecnologia, erros em sistemas e aparelhos eletrônicos recebem diversas designações, dentre elas: falha, defeito no programa, defeito no software, bug, tilt, glitch. os termos referem-se às áreas de computação, sistemas de informação, eletrônica e muito comum entre adeptos de jogos eletrônicos, embora seja aplicável também na área de cibernética, o que implica a inclusão dos sistemas naturais também. tais erros são verificados no funcionamento comum de um software (ou também de hardware), e pode causar comportamentos inesperados, como resultado incorreto ou comportamento indesejado.",Falha (tecnologia),tecnologia
"tecnologia médica é um ramo da tecnologia que se dedica à criação e aperfeiçoamento de equipamentos e técnicas para que o progresso médico-cirúrgico seja possível.


== história ==
quando falamos de medicina, uma das coisas que nos vem a cabeça são os equipamentos modernos que auxiliam os médicos a chegarem nos diagnósticos precisos e rápidos, como máquinas de raio x, tomografia computadorizada, ressonância magnética e pet/ct,mas não nos damos conta que antigamente toda essa tecnologia não era disponível aos médicos. a máquina de raio x, por exemplo, só foi criada em 1895, que permitiu a observação dos órgãos do corpo inteiro.",Tecnologia médica,tecnologia
"tecnologia financeira, por vezes abreviado tecfin, ou fintech (do inglês financial technology: ""tecnologia financeira"") é a tecnologia e inovação aplicadas na solução de serviços financeiros e que competem diretamente com o modelo tradicional ainda prevalente do setor. deste modo, empresas conhecidas como startups que buscam operar e aperfeiçoar serviços financeiros através de soluções tecnológicas são consideradas empresas fintech.
de uma forma geral, as fintechs fazem uso de tecnologias como inteligência artificial, computação em nuvem e megadados para criar um ambiente totalmente digital e automatizado, distribuído para seus clientes nos diversos canais digitais existentes, sobretudo smartphones.",Tecnologia financeira,tecnologia
tecnologia exponencial é uma tecnologia a qual se aplica a lei de moore.,Tecnologia Exponencial,tecnologia
"tecnologia militar é uma expressão que designa o conjunto de recursos tecnológicos que podem ser usados para fins militares, isto é, em prol da defesa e da segurança nacional. tais recursos tecnológicos são distintamente de natureza militar e não são aplicados no meio civil, já que tais recursos não são úteis para as aplicações civis, são ilegais ou são perigosos para manuseio sem treinamento militar.
a tecnologia militar é frequentemente pesquisada e desenvolvida por cientistas e engenheiros, especificamente para uso em batalhas pelas forças armadas.",Tecnologia militar,tecnologia
"as tecnologias vestíveis ou dispositivos vestíveis (em inglês: wearable technology ou apenas wearables), são tecnologias que se apresentam na forma de dispositivos iguais ou similares a peças de roupa ou equipamentos vestíveis, tais como relógios, pulseiras ou até mesmo óculos de realidade virtual. trata-se dos produtos resultantes do desenvolvimento da chamada computação vestível.",Tecnologia vestível,tecnologia
"política (do grego: πολιτικός / politikos, significa "" algo relacionado com grupos sociais que integram a pólis ""), algo que tem a ver com a organização, direção e administração de nações ou estados. é o direito, enquanto ciência aplicada não só aos assuntos internos da nação (política interna), mas também aos assuntos externos (política externa). nos regimes democráticos, a ciência política é a atividade dos cidadãos que se ocupam dos assuntos públicos com seu voto ou com sua militância.",Política,politica
"índia (em hindi: भारत; romaniz.: bhārat, pronunciado: [ˈbʱaːrət̪]; em inglês: india, pronunciado: [ˈɪndiə]), oficialmente denominada república da índia (em hindi: भारत गणराज्य;  bhārat gaṇarājya; em inglês: republic of india), é um país da ásia meridional. é o  país mais populoso, o sétimo maior em área geográfica e a democracia mais populosa do mundo. delimitada ao sul pelo oceano índico, pelo mar da arábia a oeste e pelo golfo de bengala a leste, a índia tem uma costa com 7 517 km de extensão.",Índia,politica
"vietnã (português brasileiro) ou vietname (português europeu) (em vietnamita: việt nam, pronunciado: [viət˨ næm˧] ()), oficialmente república socialista do vietnã/vietname (em vietnamita: ), é um estado soberano localizado no leste da península da indochina, no sudeste asiático. faz fronteira com a china a norte, com laos e com o camboja a oeste, com o golfo da tailândia a sudoeste, e a leste e sul com o mar da china meridional, onde há mais de 4 000 ilhas (e recifes) próximas e distantes da costa, muitas destas reivindicadas pelo vietnã, sendo que ainda estão em disputa  outros países, como a república da china (taiwan), a república popular da china, a malásia e as filipinas. com uma população de mais de 90 milhões de habitantes, é o 16.º país mais populoso do mundo, tendo hanói como sua capital desde sua reunificação, em 1976.",Vietnã,politica
"no espectro político, a direita descreve uma visão ou posição específica que normalmente aceita a hierarquia social ou desigualdade social como inevitável, natural, normal ou desejável. esta postura política geralmente justifica esta posição com base no direito natural e na tradição.
o termo ""direita"" tem sido usado para se referir a diferentes posições políticas ao longo da história.",Direita (política),politica
"catar, ou qatar (português brasileiro: [kaˈtah] ou [kaˈtaɾ]; português europeu: [kɐˈtaɾ]; em árabe: قطر; romaniz.: qatar‎; pronunciado em árabe: [ˈqɑtˤɑr], pronunciado coloquialmente: [ɡɪtˤɑr]), oficialmente estado do catar (em árabe: دولة قطر, translit. dawlat qaṭar), é um país árabe do sudoeste asiático que ocupa a pequena península do catar, na costa nordeste da península arábica, no oriente médio. sua única fronteira terrestre é com a arábia saudita ao sul, enquanto o restante de seu território é cercado pelo golfo pérsico.",Catar,politica
"ciência política ou politologia é o estudo da política — dos sistemas políticos, das organizações e dos processos políticos. envolve o estudo da estrutura (e das mudanças de estrutura) e dos processos de governo — ou qualquer sistema equivalente de organização humana que tente assegurar segurança, justiça e direitos civis. os cientistas políticos, também chamados politólogos, podem estudar instituições como empresas, sindicatos, igrejas, ou outras organizações cujas estruturas e processos de ação se aproximem de um governo, em complexidade e interconexão.",Ciência política,politica
"um político (do grego transliterado politikós) é quem se ocupa da política. segundo sócrates, é um homem público que lida com a chamada ""coisa pública"". segundo platão, é filiado a um partido ou ""ideologia filosófica de conduta"".",Político,politica
"no espectro político, a esquerda caracteriza-se pela defesa de uma maior igualdade social. normalmente, envolve uma preocupação com os cidadãos que são considerados em desvantagem em relação aos outros e uma suposição de que há desigualdades injustificadas que devem ser reduzidas ou abolidas.
os termos ""direita"" e ""esquerda"" foram criados durante a revolução francesa (1789–1799), e referiam-se ao lugar onde políticos se sentavam no parlamento francês, os que estavam sentados à direita da cadeira do presidente parlamentar eram amplamente favoráveis ao ancien régime.",Esquerda (política),politica
"brasil (localmente [bɾaˈziw]), oficialmente república federativa do brasil (), é o maior país da américa do sul e da região da américa latina, sendo o quinto maior do mundo em área territorial (equivalente a 47,3% do território sul-americano), com cerca de 8,5 milhões de quilômetros quadrados, e o sétimo em população (com 213 milhões de habitantes, em julho de 2025). é o único país na américa onde se fala majoritariamente a língua portuguesa e o maior país lusófono do planeta, além de ser uma das nações mais multiculturais e etnicamente diversas, em decorrência da forte imigração oriunda de variados locais do mundo. sua atual constituição, promulgada em 1988, concebe o brasil como uma república federativa presidencialista, formada pela união de 26 estados, do distrito federal e dos 5 571 municípios.",Brasil,politica
"turquia (em turco: türkiye, pronunciado: [ˈtyrcije]), cujo nome oficial é república da turquia (türkiye cumhuriyeti, pronunciado: [ˈtyrcije d͡ʒumˈhurijeti] ()), é um país transcontinental, com a maior parte de seu território localizada na ásia ocidental e uma parte menor (a oeste do mar de mármara) na europa oriental, estendendo-se pela península da anatólia e pela trácia oriental na região dos bálcãs. é um dos seis estados independentes cuja população é maioritariamente turca. faz fronteira com oito países: a noroeste com a bulgária, a oeste com a grécia, a nordeste com a geórgia, a arménia e o enclave de naquichevão do azerbaijão, a leste com o irão e a sudeste com o iraque e a síria.",Turquia,politica
"ditadura militar brasileira foi um regime autoritário e nacionalista instaurado em 1 de abril de 1964, que perdurou até 15 de março de 1985, sendo conduzido por sucessivos governos militares. o regime teve início com o golpe de estado de 1964, que depôs o governo joão goulart, eleito democraticamente. a ditadura terminou formalmente em 1985, quando josé sarney assumiu a presidência, marcando o início da chamada nova república.",Ditadura militar brasileira,politica
"a irlanda (em irlandês:  éire; [ˈeːɾʲə] () e em inglês:  ireland [ˈaɪərlənd], localmente: [ˈaːɹlənd] ou [ˈaɪɹlənd]), por vezes chamada (de maneira não oficial, para diferenciá-la da ilha de mesmo nome, que divide com a irlanda do norte) república da irlanda (em irlandês:  poblacht na héireann e em inglês:  republic of ireland) ou então eire, é um estado soberano da europa que ocupa cerca de cinco sextos da ilha homônima. é uma república constitucional governada como uma democracia parlamentar, com um presidente eleito para servir como chefe de estado. considerada um país desenvolvido, a irlanda tem o terceiro maior índice de desenvolvimento humano (idh) do mundo, além de ótimas classificações em índices que medem o grau de democracia e liberdades como a de imprensa, econômica e política.",Irlanda,politica
"a política do brasil funciona sob o modelo de república federal presidencialista, formada pela união, os estados, o distrito federal e os municípios, o exercício do poder é atribuído a órgãos distintos e independentes, submetidos a um sistema de controle para garantir o cumprimento das leis e da constituição. o brasil é uma república porque o chefe do estado é eleito pelo povo e com mandato. é presidencialista porque o presidente da república é chefe de estado e também chefe de governo.",Política do Brasil,politica
"suíça (em alemão:  [die] schweiz [ˈʃvaɪts]; em suíço-alemão: schwyz ou schwiiz [ˈʃʋit͡s]; em francês:  suisse [sɥis(ə)]; em italiano:  svizzera [ˈzvittsera]; em romanche:  svizra [ˈʒviːtsrɐ] ou [ˈʒviːtsʁːɐ]), oficialmente confederação suíça (em alemão: schweizerische eidgenossenschaft; em francês: confédération suisse; em italiano: confederazione svizzera; em romanche: confederaziun svizra), é uma república federal composta por 26 estados, chamados de cantões, com a cidade de berna como a sede das autoridades federais. o país está situado na europa central, fazendo fronteira com a alemanha a norte, com a frança a oeste, com itália a sul e com a áustria e o principado de liechtenstein a leste.
a suíça é um país sem costa marítima cujo território é dividido geograficamente entre o jura, o planalto suíço e os alpes, somando uma área de 41 285 km².",Suíça,politica
"política do café com leite visava a predominância do poder nacional por parte das oligarquias paulista e mineira, executada na república velha a partir da presidência de campos sales (1898-1902), por presidentes civis fortemente influenciados pelo setor agrário dos estados de são paulo — com grande produção de café — e minas gerais — produtor de leite e maior polo eleitoral do país de então —, impedindo que o principal cargo do poder executivo fosse ocupado por representante dos interesses de outros estados economicamente importantes à época, como rio grande do sul e pernambuco. essa política perdurou até a revolução de 1930.
tornavam-se predominantes no poder representantes do partido republicano paulista (prp) e do partido republicano mineiro (prm), que controlavam as eleições e gozavam do apoio da elite agrária de outros estados do brasil.",Política do café com leite,politica
"união europeia (ue) é uma união económica e política de 27 estados-membros independentes situados principalmente na europa. a ue tem as suas origens na comunidade europeia do carvão e do aço (ceca) e na comunidade económica europeia (cee), formadas por seis países em 1957. nos anos que se seguiram, o território da ue foi aumentando de dimensão através da adesão de novos estados-membros, ao mesmo tempo que aumentava a sua esfera de influência através da inclusão de novas competências políticas.",União Europeia,politica
"méxico (pronunciado em português: [ˈmɛʃiku]; pronunciado em castelhano: [ˈmexiko] (), oficialmente estados unidos mexicanos, é uma república constitucional federal localizada na américa do norte. o país é limitado a norte pelos estados unidos; ao sul e oeste pelo oceano pacífico; a sudeste pela guatemala, belize e mar do caribe; a leste pelo golfo do méxico. com um território que abrange quase 2 milhões de quilômetros quadrados, o méxico é o quinto maior país da américa por área total e o 14.º maior país independente do mundo.",México,politica
"república popular da china (rpc; chinês simplificado: 中华人民共和国; chinês tradicional: 中華人民共和國; pinyin: ), também conhecida simplesmente como china, é o maior país da ásia oriental e o segundo país mais populoso do mundo, com mais de 1,4 bilhão de habitantes, quase um quinto da população da terra, superado apenas pela índia . é uma república popular socialista unipartidária. na constituição, descreve-se como um sistema multipartidário de cooperação e consulta política sob a liderança do partido comunista da china e como uma ""ditadura democrática popular liderada pela classe trabalhadora e baseada na aliança de trabalhadores e camponeses"".",China,politica
"movimento democrático brasileiro (mdb) é um partido político brasileiro de centro criado em 1980 para dar continuidade ao partido de mesmo nome que existia como oposição legal durante a ditadura militar (1964-1985). é o partido com maior tempo em atividade da história da república, pois iniciou suas atividades em 1966, com o bipartidarismo, e deu sequência em 1980, a partir do multipartidarismo. em 2025, o mdb lançou um novo programa partidário, reforçando sua posição ideológica de centro.",Movimento Democrático Brasileiro (1980),politica
"partido político é um grupo organizado, legalmente formado, com base em formas voluntárias de participação numa associação orientada para ocupar o poder político.
é um grupo organizado de pessoas que formam legalmente uma entidade, constituídos com base em formas voluntárias de participação, nessa ""democracia"", segundo professor lauro campos da universidade de brasília; quando faz referência ao espectro ideológico, em seu livro, história do pensamento econômico, em uma associação orientada para influenciar ou ocupar o poder político em um determinado país politicamente organizado e/ou estado, em que se faz presente e/ou necessário como objeto de mudança e/ou transformação social. porém, segundo robert michels, em seu livro publicado em 1911, sociologia dos partidos políticos, por mais democráticos sejam esses partidos, eles sempre tornam-se oligárquicos, esses partidos estão sempre sociologicamente ligados a uma ideologia, porém, nem sempre essa ideologia é pragmática e/ou sociologicamente exequível ou viável, pois muitas vezes carece de ambiente para seu desenvolvimento, o que demonstra segundo lauro campos, que os chamados líderes partidários não se sintonizam perfeitamente com o povo e como que, como diz: ""… tentam governar de costas para o povo e suas necessidades…"".",Partido político,politica
"a definição de saúde possui implicações legais, sociais e econômicas dos estados de saúde e doença; sem dúvida, a definição mais difundida é a encontrada no preâmbulo da constituição da organização mundial da saúde: saúde é um estado de completo bem-estar físico, mental e social, e não apenas a ausência de doenças.


== contexto histórico ==
diferentes visões e definições acerca do que se tem de saúde e doença permeiam a história da humanidade, sobretudo a inserção desses conceitos sob os contextos cultural, social, político e econômico. todo esse conjunto de ideias evidencia uma evolução do pensar humano, uma vez que passa a ser considerado um maior grau de complexidade de interseções desses ideais.",Saúde,saude_beleza
"assistência médica no canadá é prestada por meio dos sistemas provinciais e territoriais de saúde financiada publicamente, popularmente chamados de medicare. o sistema é regido pelas disposições da lei de saúde do canadá, de 1984, e é universal. a comissão real, de 2002 – conhecida como relatório romanow – revelou que os canadenses consideram o acesso universal aos serviços de saúde financiados publicamente como um ""valor fundamental que assegura seguro nacional de saúde para todos, onde quer que vivam no país"".",Assistência médica no Canadá,saude_beleza
"sistema único de saúde (sus) é a denominação do sistema público de saúde brasileiro criado pela constituição federal de 1988 pelo texto elaborado durante a assembleia nacional constituinte de 1987-1988 na sua 267.ª sessão no dia 17 de maio de 1988.  
entre os países com mais de 200 milhões de habitantes, o brasil é o único que possui um sistema de saúde pública universal totalmente financiado pelo estado. 
o sus realiza desde atendimentos primários até procedimentos complexos e oferece atendimento de emergência para pessoas que sofrem acidentes pelo serviço de atendimento móvel de urgência (samu).",Sistema Único de Saúde,saude_beleza
"organização mundial da saúde (em inglês:  world health organization - who) é uma agência especializada em saúde, fundada em 7 de abril de 1948 e subordinada à organização das nações unidas. sua sede é em genebra, na suíça. o diretor-geral é, desde julho de 2017, o etíope tedros adhanom.",Organização Mundial da Saúde,saude_beleza
"a saúde mental abrange o bem-estar emocional, psicológico e social, influenciando a cognição, a percepção e o comportamento. a saúde mental desempenha um papel crucial na vida diária de um indivíduo no gerenciamento do estresse, no relacionamento com outras pessoas e na contribuição para a vida em geral. segundo a organização mundial da saúde (oms), é um ""estado de bem-estar no qual o indivíduo realiza suas habilidades, consegue lidar com as tensões normais da vida, consegue trabalhar de forma produtiva e frutífera e pode contribuir para sua comunidade"".",Saúde mental,saude_beleza
"a saúde preventiva ou cuidados de saúde preventivos, ou profilaxia, consistem em medidas tomadas para a prevenção de doenças. a doença e a incapacidade são afectadas por fatores ambientais, predisposição genética, agentes patogênicos e escolhas de estilo de vida, e são processos dinâmicos que começam antes dos indivíduos se aperceberem que são afectados. a prevenção de doenças depende de acções antecipatórias que podem ser categorizadas como prevenção primal, primária, secundária, e terciária.",Saúde preventiva,saude_beleza
"o serviço nacional de saúde (sns) é o organismo encarregue do sistema de prestações de saúde públicas no território continental de portugal. o sns constitui a estrutura através do qual o estado português assegura o direito à saúde (promoção, prevenção e vigilância) a todos os cidadãos de portugal. a sua criação remonta ao ano de 1979, após se terem reunido as condições políticas e sociais provenientes da reestruturação política portuguesa da década de 1970.",Serviço Nacional de Saúde,saude_beleza
"desigualdade em saúde está relacionada às desvantagens sistemáticas enfrentadas por diferentes grupos sociais em comparação a outros, refletindo-se em piores indicadores de saúde e maior exposição a riscos sanitários. essas disparidades podem ser atribuídas a múltiplos fatores, incluindo aspectos regionais, sociais e epidemiológicos.
a desigualdade, nesse contexto, só pode ser compreendida de forma comparativa: os grupos sociais privilegiados indicam o nível de saúde biologicamente possível nas condições vigentes, enquanto as demais discrepâncias e variações refletem algum aspecto da desigualdade.",Desigualdade em saúde,saude_beleza
"a saúde das mulheres difere da do homem em muitas maneiras. ela constitui-se como um exemplo de saúde da população, onde a saúde é definida pela organização mundial da saúde como “um estado de completo bem-estar físico, mental e social e não apenas a ausência de doença ou enfermidade”. muitas vezes tratada simplesmente como saúde reprodutiva das mulheres, muitos grupos defendem uma definição mais ampla referente à saúde geral das mulheres.",Saúde das mulheres,saude_beleza
"uma só saúde (ou também saúde única) trata-se de uma abordagem que demanda ""os esforços colaborativos de múltiplas disciplinas que trabalham local, nacional e globalmente, para alcançar a saúde ideal para as pessoas, animais e nosso meio ambiente"", conforme definido pela força-tarefa da one health initiative (ohitf).
surgiu em resposta às evidências da propagação de doenças zoonóticas entre espécies e à crescente percepção da ""interdependência entre a saúde humana e animal, juntamente com as mudanças ecológicas"".
sob essa perspectiva, a saúde pública não se restringe mais apenas aos seres humanos.",Uma Só Saúde,saude_beleza
"as determinantes sociais da saúde na pobreza descrevem os fatores que afetam a saúde e a desigualdade na saúde das populações empobrecidas. as desigualdades na saúde decorrem das condições de vida das pessoas, incluindo condições de vida, ambiente de trabalho, idade e outros factores sociais, e como estes afectam a capacidade das pessoas de responder à doença. estas condições também são moldadas pelas estruturas políticas, sociais e econômicas.",Determinantes sociais de saúde na pobreza,saude_beleza
"um seguro de saúde é um seguro de proteção das pessoas contra o risco de terem que vir a incorrer em despesas médicas. estimando o risco geral das despesas de saúde de um grupo alvo, a seguradora pode desenvolver uma estrutura financeira que assegure fontes de rendimento (como prémios ou taxas) de modo a disponibilizar o dinheiro necessário para pagar os benefícios médicos especificados na apólice de seguro. o seguro pode ser administrado pelo governo, por uma entidade particular sem fins lucrativos ou por uma empresa privada.",Seguro de saúde,saude_beleza
"o ministério da saúde (ms) corresponde ao setor governamental responsável pela administração e manutenção da saúde pública no brasil.


== história ==

existe desde 1808 diretrizes públicas na área da saúde, realizadas pela monarquia. apesar disso, o primeiro ministério com ações na área da saúde foi criado em 1930, durante o governo de getúlio vargas, com o nome de ministério dos negócios da educação e saúde pública.",Ministério da Saúde (Brasil),saude_beleza
"política de saúde pode ser definida como as ""decisões, planos e ações realizadas para alcançar cuidados de saúde específicos dentro de uma sociedade"". de acordo com a organização mundial da saúde, uma política de saúde explícita pode conseguir vários resultados: define uma visão para o futuro; descreve as prioridades e os papéis esperados dos diferentes grupos; e cria consenso e informa as pessoas. a política de saúde governamental refere-se ao conjunto de estratégias, diretrizes e ações implementadas por um governo para promover e garantir o bem-estar da população em relação à saúde.",Política de saúde,saude_beleza
"rd saúde (rd ou raia drogasil) é uma empresa brasileira do setor varejista farmacêutico criada em 2011 após a fusão da drogasil com a raia. 
no fim de 2023, contava com mais de três mil unidades espalhadas pelos 27 estados do brasil e uma participação de 15,5% no mercado de varejo farmacêutico brasileiro. atualmente é a sétima maior empresa do ramo varejista do país, e a primeira no ramo de farmácias.",RD Saúde,saude_beleza
"saúde pública na concepção mais tradicional, é a aplicação de conhecimentos (médicos ou não), com o objetivo de organizar sistemas e serviços de saúde, atuar em fatores condicionantes e determinantes do processo saúde-doença controlando a incidência de doenças nas populações através de ações de vigilância e intervenções governamentais. por outro lado como destaca rosen a aplicação efetiva de tais princípios depende de elementos não médicos principalmente de fatores econômicos e sociais. 
pode-se dizer que a saúde política e económica centra sua ação a partir da ótica do estado com os interesses que ele representa nas distintas formas de organização social e política das populações, segundo o médico e político rudolf virchow (1821-1902), a política é “uma medicina em escala maior”.",Saúde pública,saude_beleza
"nossa senhora da saúde é uma das invocações marianas atribuídas à virgem maria na ladainha lauretana, sendo, sob essa designação, particularmente cultuada em portugal. o seu culto foi incrementado com os relatos de aparições marianas reportadas por dois jovens indianos e por um grupo de comerciantes náufragos portugueses na localidade de velankanni, no estado de tâmil nadu, na índia, onde hoje se ergue uma imponente basílica.


== história ==
tradicionalmente invocada pelos doentes (como afirma o padre antónio vieira no seu sermão do nascimento da mãe de deus: «perguntai aos enfermos para que nasce esta celestial menina, dir-vos-ão que nasce para senhora da saúde [...]»), tornou-se particularmente cultuada a partir dos finais do século xvi, sendo-lhe atribuída a intervenção miraculosa que levou ao fim de vários surtos de peste ocorridos em portugal.",Nossa Senhora da Saúde,saude_beleza
"a frança, como outros países da europa, tem um sistema de saúde universal em grande parte financiado pelo estado através de um sistema de seguro nacional de saúde. na avaliação mundial de 2000 de sistemas de cuidados à saúde, a organização mundial de saúde (oms) concluiu que a frança forneceu os ""melhores cuidados de saúde em geral"" no mundo. em 2005, a frança gastou 11,2% do pib em saúde, ou u$ 3926 per capita, um valor muito superior à média de gasto por países da europa e menor do que os estados unidos.",Saúde na França,saude_beleza
"o dia mundial da saúde é celebrado anualmente no dia 7 de abril.

foi criado pela organização mundial da saúde (oms) em 7 de abril de 1948, mas passou a ser comemorado apenas a partir de 1950.
seu objetivo geral é apresenta uma oportunidade de mobilizar apoio para a conscientização, ação e pesquisa sobre as prioridades globais da saúde, promovendo a boa saúde e bem estar para todos.",Dia Mundial da Saúde,saude_beleza
"promoção da saúde consiste em políticas, planos e programas de saúde pública com ações voltadas em evitar que as pessoas se exponham a fatores condicionantes e determinantes de doenças, a exemplo dos programas de educação em saúde que se propõem a ensinar a população a cuidar de sua saúde. além disso, incentiva condutas adequadas à melhoria da qualidade de vida, distinguindo-se da atenção primária ou ações da medicina preventiva que identificam precocemente o dano e ou controlam a exposição do hospedeiro ao agente causal em um dado meio-ambiente.  
no dia 30 de março de 2006, foi aprovada a política nacional de promoção a saúde (pnps), pela portaria de número 687, que validou o compromisso da atual gestão do ministério da saúde na ampliação das ações de promoção, nos serviços e na gestão do sistema único de saúde (sus).",Promoção da saúde,saude_beleza
"religião é uma série de sistemas socioculturais compostos por práticas, organizações, morais, crenças, cosmovisões, textos sagrados, lugares santificados, profecias ou ética que geralmente relacionam a humanidade a elementos sobrenaturais, transcendentais e espirituais - embora não haja consenso acadêmico sobre o que precisamente constitui uma ""religião"". diferentes religiões podem ou não conter vários elementos que vão desde o divino, a sacralidade, a fé e um ser ou seres supremos. 
as práticas religiosas podem incluir rituais, sermões, festivais, venerações (de divindades ou santos), sacrifícios, festas, transes, iniciações, serviços matrimoniais e funerários, meditações, orações, músicas, artes ou danças.",Religião,religiao
"religião no brasil é muito diversificada, mas se caracteriza principalmente pela forte presença do cristianismo na sociedade. a constituição prevê a liberdade de religião e declara que a igreja e o estado estão oficialmente separados, sendo o brasil um estado laico. a legislação brasileira proíbe qualquer tipo de intolerância, sendo a prática religiosa geralmente livre no país.",Religião no Brasil,religiao
"islamismo é uma religião abraâmica monoteísta centrada no alcorão e nos ensinamentos do profeta maomé. seus crentes são chamados muçulmanos e totalizam aproximadamente 1,9 bilhão* de pessoas em todo o mundo, o que faz deles a segunda maior população religiosa do mundo depois dos cristãos.
os muçulmanos acreditam no puro monoteísmo, que o islamismo é a versão completa e universal de uma fé primordial que foi revelada muitas vezes por meio de profetas anteriores, como adão (que se acredita ser o primeiro homem), abraão, moisés e jesus, entre outros; essas revelações anteriores são atribuídas ao judaísmo e ao cristianismo, que são considerados no islamismo como religiões predecessoras espirituais.",Islamismo,religiao
"os iorubás vivem principalmente no sul e sudoeste da nigéria, sudeste de benim e em menor número no centro-sul do togo, tudo compreendido como a iorubalândia. sua religião engloba uma religião e visão de mundo, cosmovisão, rica mitologicamente, com função de normatizar o comportamento pessoal e coletivo. a religião baseia-se no culto aos orixás, intermediários entre a humanidade e o ser superior criador do universo (chamado olódùmarè / olorun / olofi).",Religião iorubá,religiao
"a china segue oficialmente o ateísmo de estado. muitos cidadãos chineses, incluindo membros do partido comunista da china (pcc), praticam algum tipo de religião popular chinesa. a civilização chinesa é historicamente o berço e anfitrião de uma variedade das mais duradouras tradições religioso-filosóficas do mundo.",Religião na China,religiao
"a religião no japão se manifesta principalmente no xintoísmo e no budismo, as duas principais religiões, que costumam ser praticadas simultaneamente. de acordo com as estimativas, cerca de 80% da população segue os rituais xintoístas em algum grau, adorando ancestrais e espíritos em altares domésticos e santuários públicos. um número quase igualmente alto é relatado como budista.",Religião no Japão,religiao
"a religião nos estados unidos é caracterizada por uma diversidade de crenças e práticas religiosas. várias crenças (religiosas) floresceram/surgiram dentro dos estados unidos. uma grande maioria de americanos informaram que ela (a religião) tem um papel muito importante em suas vidas, uma proporção única entre países desenvolvidos"".",Religião nos Estados Unidos,religiao
"há muitas maneiras de se pensar como se dá a relação entre religião e ciência. a história da humanidade mostra que as visões acerca da natureza da ciência e da natureza da religião mudam com o tempo, de acordo com as concepções filosóficas e contextos políticos, sociais, econômicos, etc.
historicamente, a ciência tem tido uma relação complexa com a religião; doutrinas religiosas por vezes influenciaram o desenvolvimento científico, enquanto o conhecimento científico tem surtido efeitos sobre crenças religiosas.",Relação entre religião e ciência,religiao
"a religião mexica ou religião asteca originou-se dos astecas indígenas da região central do méxico. como outras religiões mesoamericanas, também tem práticas como o sacrifício humano em conexão com muitos festivais religiosos que estão no calendário asteca. esta religião politeísta tem muitos deuses e deusas; os astecas costumavam incorporar divindades que foram emprestadas de outras regiões geográficas e povos em suas próprias práticas religiosas.",Religião mexica,religiao
"a religião da humanidade é o sistema religioso criado pelo francês augusto comte em 1854 como coroamento da carreira filosófica, em que procurou estabelecer as bases de uma completa espiritualidade humana, sem elementos extra-humanos ou sobrenaturais. a religião da humanidade também é conhecida como ""positivismo religioso"".


== positivismos ""religioso"" e ""filosófico"" ==
à semelhança das demais religiões, a religião da humanidade tem dogma, culto e regime, templos e capelas; sacramentos, sacerdotes e assim por diante.",Religião da Humanidade,religiao
a religião em áfrica é diversificada. a maioria dos africanos são adeptos do cristianismo e islamismo. muitos também praticam as religiões tradicionais africanas.,Religião na África,religiao
"o primeiro censo a incluir uma pergunta sobre religião foi em 1776, nos territórios canadenses de são joão e nova escócia. a influência de adolphe quételet definiu o início da demografia religiosa internacional, quando ele incluiu a religião como um campo específico numa pesquisa populacional em bruxelas de 1842 e incorporou-a no censo geral da bélgica em 1846, o qual se tornou uma referência estatística para padronização dos censos em outros países, que passaram a incluir a categoria.

esta é uma lista de populações religiosas por número de adeptos e países.",Demografia das populações por religião,religiao
"judaísmo (em hebraico: יהדות; romaniz.: yahadút) é uma religião étnica abraâmica e monoteísta que abrange as tradições espirituais, culturais e legais coletivas do povo judeu. os judeus religiosos consideram o judaísmo como seu meio de observar a aliança mosaica, que eles acreditam ter sido estabelecida entre deus e o povo judeu. é considerada uma das primeiras religiões monoteístas.",Judaísmo,religiao
"religião na grécia antiga diz respeito a um conjunto de crenças que se modificou ao longo dos períodos minoico, micênico, arcaico e clássico do mundo grego antigo e apresentou diversos aspectos. até onde se sabe, os gregos não possuíam nenhum livro sagrado como a bíblia. nesse sentido, a religião na grécia antiga é que não possuía dogmas, textos ou sacerdotes que orientassem ou monopolizassem a interpretação espiritual.",Religião na Grécia Antiga,religiao
"a religião na tailândia é variada. a tailândia, país do sudeste asiático com capital em bangkok, não possui religião oficial, e a constituição tailandesa garante a liberdade religiosa para todos os cidadãos tailandeses, embora o rei é exigido por lei para ser budista teravada. a principal religião praticada na tailândia é o budismo, mas há uma tendência forte do hinduísmo com a sua distinta classe sacerdotal.",Religião na Tailândia,religiao
"religiões abraâmicas são as religiões monoteístas cuja origem comum é reconhecida em abraão ou o reconhecimento de uma tradição espiritual identificada com ele. essa é uma das três divisões principais em religião comparada, junto com as religiões indianas (darma) e as religiões da ásia oriental.
as religiões abraâmicas se espalharam globalmente através do cristianismo sendo adotado pelo império romano no século iv e o islamismo pelos impérios islâmicos do século vii. as principais religiões abraâmicas em ordem cronológica de fundação são o judaísmo (a base das outras duas religiões) no século vii a.c., cristianismo no século i e o islamismo no século vii.
cristianismo, islamismo e judaísmo são as religiões abraâmicas com o maior número de adeptos.",Religiões abraâmicas,religiao
"religião natural mais frequentemente significa a ""religião da natureza"", na qual deus, as almas, os espíritos, e todos os objetos do sobrenatural são considerados como parte da natureza e não separados dela. por vezes, ""religião natural"" é entendida como uma crença panteísta de que a própria natureza é divina. por outro lado, o termo também é usado na filosofia para descrever alguns aspectos da religião que são ditos para serem cognoscíveis aparte da revelação divina apenas através da lógica e razão (ver deísmo e teologia natural), por exemplo, a existência do motor imóvel, a primeira causa do universo.",Religião natural,religiao
"a filosofia da religião é uma das divisões da filosofia. tem por objetivo o estudo da dimensão espiritual do homem desde uma perspectiva filosófica (metafísica, antropológica e ética), indagando e pesquisando sobre a essência do fenômeno religioso. em síntese, sua pergunta fundamental é: ""o que é a religião?"".",Filosofia da religião,religiao
"cristianismo (do grego xριστός, ""christós"", messias, ungido, do heb. משיח ""mashiach"") é uma religião monoteísta abraâmica baseada na vida e nos ensinamentos de jesus de nazaré. é a maior e mais difundida religião do mundo, com cerca de 2,4 bilhões* de seguidores, representando um terço da população global.",Cristianismo,religiao
"embora a palavra religião seja difícil de definir, um modelo padrão de religião usado em cursos de estudos religiosos a define como um[…] sistema de símbolos que atua para estabelecer sentimentos e motivações poderosos, penetrantes e duradouros nos homens, formulando concepções de uma ordem geral de existência e revestindo essas concepções com tal aura de factualidade que os humores e motivações parecem singularmente realistas.

muitas religiões possuem narrativas, símbolos, tradições e histórias sagradas que visam dar sentido à vida ou explicar a origem da vida ou do universo. eles tendem a derivar moralidade, ética, leis religiosas ou um estilo de vida preferido de suas ideias sobre o cosmos e a natureza humana.",Lista de religiões e tradições espirituais,religiao
"a população portuguesa é maioritariamente católica, devido sobretudo à tradição e às circunstâncias históricas que portugal teve e viveu no passado. os católicos, segundo os censos de 2011, compõem cerca de 81% da população portuguesa, conferindo, por isso, à igreja católica uma considerável influência junto da sociedade, embora agora não tanto como outrora.

segundo um estudo realizado em 2005, cerca de 81% da população portuguesa indicou que ""acredita em deus"", cerca de 12% que ""acredita que existe alguma forma de espírito ou força da vida"" e ainda cerca de 6% que ""não acredita que exista uma força divina, deus ou força vital"".",Religião em Portugal,religiao
"esta é uma lista de tópicos sobre a cultura da bulgária

lista de búlgaros
martenitsa
música da bulgária


== feriado ==
dia da educação e cultura búlgara e do script eslavo


== religião ==
ortodoxos: 70,4%
muçulmanos: 11,8%
protestantes: 8,2%
ateus: 7,8%
católicos romanos (latinos e orientais): 1,1%
sem filiação/outros: 0,7%.",Cultura da Bulgária,religiao
"religião perene (ou religio perennis em latim) é um conceito, proposto pelo filósofo das religiões frithjof schuon (1907-1998), que aponta para a unidade subjacente dos patrimônios espirituais das grandes religiões mundiais. esta “religião perene” foi sintetizada por schuon no livro sur les traces de la religion pérenne (paris, courrier du livre, 1982)como “discernimento entre o real e o irreal, e concentração no real”. a primeira parte desta síntese, o discernimento metafísico, envolve a discriminação ou separação entre, de uma parte, o absoluto e o eterno (ou “deus”, de acordo com a terminologia de cristianismo, islã e judaísmo; ou “nirvana”, segundo a terminologia não-teísta do budismo) e, de outra parte, o mundo e o ego (ilusórios, ou “menos reais”, do ponto de vista do absoluto).",Religião Perene,religiao
"a religião no irã (português brasileiro) ou irão (português europeu) é oficialmente o islã do ramo xiita duodecimano da jurisprudência jafarita, conforme estabelece o artigo 12 da constituição do país. o mesmo artigo estabelece que outras escolas islâmicas são respeitadas e seus seguidores são livres para agir de acordo com a  jurisprudência própria a cada uma delas na prática de ritos religiosos, sendo oficialmente reconhecidas em matéria de educação religiosa, vida pessoal (casamento, divórcio, testamentos e heranças) e outras questões legais.


== religião no irã ==
a religião desempenha um papel central na sociedade iraniana, sendo o país oficialmente uma república islâmica.",Religião no Irã,religiao
"a religião minoica corresponde a cultos religiosos praticados em creta pela civilização minoica. a religião minoica é uma religião animista orientada para o culto da vegetação. isto é especialmente perceptível através dos deuses e deusas que morrem e renascem a cada ano, e o uso de símbolos como o touro (ou seus chifres), cobras e pombos.",Religião minoica,religiao
"o islão é de longe a religião dominante na tunísia; 99% dos tunisinos são muçulmanos. minorias religiosas incluem o cristianismo (25000 seguidores), o judaísmo (1500 seguidores), e a fé bahá'í (200 seguidores). a constituição da tunísia concede a liberdade de religião, desde que não perturbe a ordem pública; no entanto, o governo impõe algumas restrições sobre esse direito.",Religião na Tunísia,religiao
"a religião predominante do quênia é o cristianismo, praticado por cerca de 80% da população. outras crenças praticadas no país são o baha'i, o hinduísmo, o islã e religiões tradicionais africanas.


== religiões abraâmicas ==


=== cristianismo ===

o cristianismo chegou ao quênia no século xv, levado pelos portugueses, e se espalhou rapidamente durante o século xix, quando experimentou um renascimento.",Religião no Quênia,religiao
"religião no egito controla muitos aspectos da vida social e é aprovada por lei. a religião oficial do egito é o islã, embora as estimativas variem muito na ausência de estatísticas oficiais. desde o censo de 2006, a religião foi excluída e, portanto, as estatísticas disponíveis são estimativas feitas por agências religiosas e não governamentais.",Religião no Egito,religiao
"batuque é uma forma genérica de denominar as religiões afro-brasileiras de culto aos orixás do estado do rio grande do sul, brasil, de onde se estendeu para os países vizinhos, tais como uruguai e argentina.
o batuque é fruto de religiões dos povos da guiné, benim e nigéria, possuindo raízes diferentes e somente pouco relacionadas com as nações do candomblé. o batuque possui os lados oyó e ijexá, mas tendo como as principais nações do batuque a cabinda e o jeje.",Batuque (religião),religiao
"uma religião matriarcal é uma religião que se concentra em uma deusa ou deusas. o termo é frequentemente utilizado para referir-se às teorias de religiões matriarcais pré-históricas que foram propostas por estudiosos como johann jakob bachofen, jane ellen harrison, e marija gimbutas, e mais tarde popularizada pela segunda onda do feminismo.


== história ==
o conceito de um matriarcado pré-histórico foi introduzido em 1861 quando johann jakob bachofen publicou uma investigação do caráter religioso e jurídico do matriarcado no mundo antigo.",Religião matriarcal,religiao
"dinossauros ou dinossáurios (em grego clássico: δεινός σαῦρος, deinos sauros, que significa ""lagarto terrível"") constituem um grupo de répteis, membros do clado dinosauria. acredita-se que os dinossauros apareceram há, pelo menos, 233 milhões de anos, e que, por mais de 167 milhões de anos, foram o grupo animal dominante na terra, num período geológico de tempo que vai desde o período triássico até o final do período cretáceo, há cerca de 66 milhões de anos, quando um evento catastrófico ocasionou a extinção em massa de quase todos os dinossauros, com exceção de algumas espécies emplumadas, as aves.
a hipótese mais aceita é de que o meteorito encontrado na cratera de chicxulub, na península de iucatã, foi o responsável pela extinção dos dinossauros, ao colidir com a terra e originar uma grande explosão, a qual carbonizou bilhões de animais instantaneamente, levantando também uma nuvem de poeira tão espessa que bloqueou a luz do sol e transformou o planeta em um local extremamente frio, em um evento meteorológico similar ao inverno nuclear, eliminando quase todas as espécies existentes de dinossauros.",Dinossauros,prehistoria
"esta é uma lista de dinossauros cujos fósseis foram encontrados no brasil. a paleontologia, estudo sistemático dos dinossauros e outros fósseis, teve início no brasil com o dinamarquês peter wilhelm lund, que explorou diversas cavernas na região de lagoa santa, minas gerais, no século xix, encontrando diversos fósseis de mamíferos.o primeiro fóssil de dinossauros no brasil, entretanto, foi encontrado na década de 1930 pelo gaúcho llewellyn ivor price, que estudou áreas em peirópolis, minas gerais, e no rio grande do sul.
em 1958, foi fundada, no rio de janeiro, a sociedade brasileira de paleontologia.",Lista de dinossauros do Brasil,prehistoria
"dinossauro rei (古代王者恐竜キング, kodai ōja kyōryū kingu; e em inglês dinosaur king) é uma série de anime infantil baseada em um jogo eletrônico de cartas para arcade desenvolvido pela sega em 2005. o anime foi desenvolvido pela sunrise e foi transmitido originalmente pela tv asahi de 2007 até 2008 rendendo duas temporadas.
uma adaptação americana distribuída pela 4kids entertainment foi transmitida nos estados unidos pela fox em 2007 e depois movida para o canal the cw no mesmo ano.",Dinossauro Rei,prehistoria
"jurassic park (bra: jurassic park - o parque dos dinossauros ou jurassic park - parque dos dinossauros; prt: parque jurássico) é um filme de aventura e ficção científica estadunidense de 1993, dirigido por steven spielberg, e baseado no livro homônimo escrito por michael crichton. produzido pela amblin entertainment e distribuído pela universal pictures, é estrelado por sam neill, laura dern, jeff goldblum, richard attenborough, ariana richards, joseph mazzello, samuel l. jackson e bob peck. o filme é centrado na fictícia isla nublar, onde john hammond, um filantropo bilionário, e uma pequena equipe de geneticistas criam um parque temático em uma ilha, onde as principais atrações são variadas espécies de dinossauros recriados através da engenharia genética.",Jurassic Park,prehistoria
"a percepção de que dinossauros são intimamente relacionados com as aves levantou a possibilidade óbvia da existência de dinossauros emplumados. fósseis de archaeopteryx possuem penas bem preservadas, mas até o início da década de 1990 que claramente fósseis não-aviários de dinossauros, foram descobertos com penas preservadas. hoje há mais de vinte gêneros de dinossauros com penas fósseis, quase todos são terópodes.",Dinossauros emplumados,prehistoria
"dinosaurs (família dinossauros no brasil e os dinossauros em portugal), é uma série de televisão americana. apesar de ser concebida como um programa infantil, faz uma crítica bem humorada ao chamado ""american way of life"" e uma sátira da sociedade e dos costumes da classe média desse país.
produzida pela disney em parceria com a jim henson productions - a qual concebeu os bonecos que representam os personagens - e a michael jacobs productions, entre os anos de 1991 e 1994, a série trata das aventuras de uma família de dinossauros, a família silva sauro (sinclair, em inglês), que vive em uma sociedade dominada pelos grandes répteis, onde os humanos são animais selvagens.",Dinosaurs,prehistoria
"cabeça dinossauro é o terceiro álbum de estúdio da banda brasileira de rock titãs, lançado em 25 de junho de 1986 pela gravadora wea. marcou a estreia da parceria da banda com o produtor liminha, que, na época, era diretor da wea, o que facilitou a aproximação de ambas as partes. também garantiu o primeiro disco de ouro deles, recebido em dezembro do mesmo ano.
o álbum marca a mudança sonora que o grupo queria tomar a partir de uma fusão de fatores, como o ""relativo fracasso"" de seu álbum anterior, televisão, a prisão de arnaldo antunes e tony bellotto no final do 1985 e a relação dos titãs com sua gravadora.",Cabeça Dinossauro,prehistoria
"jurassic world (bra: jurassic world: o mundo dos dinossauros; prt: mundo jurássico) é um filme estadunidense de 2015, dos gêneros ação, aventura e ficção científica, dirigido por colin trevorrow, com roteiro dele, derek connolly, rick jaffa e amanda silver  baseado nos personagens criados por michael crichton.
a produção ficou por conta de steven spielberg, patrick crowley, frank marshall e thomas tull. o roteiro original foi escrito por rick jaffa e amanda silver.",Jurassic World,prehistoria
"jurassic park (no brasil, o parque dos dinossauros e em portugal parque jurássico) é um livro de ficção científica escrito por michael crichton e publicado em 20 de novembro de 1990. a trama usa a teoria do caos e suas implicações filosóficas para explicar o colapso de um parque de diversões povoado por dinossauros, recriados através de engenharia genética.
em 1993, steven spielberg adaptou o livro para o cinema (jurassic park), obtendo com este filme, na época, a maior bilheteria da história do cinema.",Jurassic Park (romance),prehistoria
"os exemplares de ovos de dinossauros atualmente vistos se encontram em estado fossilizado, uma vez que os dinossauros foram extintos há milhões de anos. oferecem pistas sobre a vida e o comportamento dos dinossauros. em alguns casos os embriões estão preservados e podem ser estudados.",Ovo de dinossauro,prehistoria
"avemetatarsalia (significando ""ametatarsos de aves"") é um clado estabelecido pelo paleontólogo britânico michael benton em 1999 para todos os arcossauros que estão mais perto das aves do que dos crocodilos.
uma descrição do pequeno arcossauro scleromochlus com uma cladística análise de sua posição filogenética demonstrou que scleromochlus é mais próximo dos dinossauros do que dos crurotarsi (grupo onde se encontram os crocodilos), porém jacques gauthier o considerou como um não-ornithodira, pois o grupo contém o último ancestral comum dos dinossauros e dos pterossauros, assim como todos os seus descendentes, no caso das aves, descendentes dos dinossauros.
em 2001, o grupo foi renomeado para panaves (significando ""todas as aves"", em latim) pelo paleontólogo jacques gauthier, definido como o grupo que engloba o maior grupo de arcossauros incluindo as aves, mas não a ordem crocodylia.",Avemetatarsalia,prehistoria
"a origem das aves foi um tópico controverso dentro da biologia evolutiva por muitos anos, porém mais recentemente surgiu um consenso científico de que as aves são um grupo de dinossauros terópodes que evoluíram na era mesozoica. uma relação íntima entre aves e dinossauros foi inicialmente proposta no século xix após a descoberta da ave primitiva archaeopteryx na alemanha, que foi confirmada desde a década de 1966 pela anatomia comparativa e pelo método de análise cladístico de relações evolucionárias. a descoberta progressiva de fósseis de dinossauros emplumados na província de liaoning na china deu nova luz ao assunto tanto para especialistas quanto para o público em geral.",Origem das aves,prehistoria
"saurischia (do grego sauros (σαυρος) lagarto, e ischion (ισχιον), que significa quadril)  é uma das duas ordens, ou divisões dos dinossauros. em 1888, harry seeley classificou os dinossauros em duas ordens, com base na estrutura do quadril. saurísquios (quadril de lagarto) se distinguem dos ornitísquios (ornithischia, quadril de pássaro).",Saurischia,prehistoria
"tricerátops<(nome científico: triceratops spp.) ou tricerátopo  foi um gênero de dinossauro ceratopsídeo casmossauríneo. foi um herbívoro quadrúpede que viveu no fim do período cretáceo, durante o maastrichtiano, principalmente na região que é hoje a américa do norte. é um dos últimos gêneros conhecidos de dinossauros não-aviários, e extinguiu-se no evento de extinção do cretáceo-paleogeno há 66 milhões de anos atrás.",Triceratops,prehistoria
"na escala de tempo geológico, o jurássico é o período da era mesozoica do éon fanerozoico. cobre 58,3 milhões de anos (desde o período triássico, de há 201,4 milhões de anos, até ao início do cretáceo, há 143,1 milhões de anos). isto é, o período jurássico precede o cretácico e sucede o triássico, na era em que surgiu o oceano atlântico.",Jurássico,prehistoria
"esta é uma lista de dinossauros cujos restos foram recuperados na américa do sul.


== legenda ==


== critérios para inclusão ==

a criatura deve aparecer na lista de dinossauros.
fósseis da criatura devem ser encontrados na américa do sul.",Lista de dinossauros da América do Sul,prehistoria
"a taxonomia dos dinossauros, começou em 1842, quando sir richard owen colocou o  iguanodon, megalosaurus e hylaeosaurus em ""uma tribo distinta ou subordem dos répteis sáurios, para os quais eu gostaria de propor o nome de dinosauria.""  em 1887 e 1888, harry seeley dividiu os dinossauros em duas ordens, saurischia e ornithischia, com base na sua estrutura de quadril. estas divisões se mostraram extraordinariamente duradouras, apesar de várias mudanças sistémicas na taxonomia dos dinossauros.
a maior mudança foi motivada pelo entomologista willi hennig numa obra da década de 1950, que transformou a classificação tradicional na moderna cladística.",Taxonomia dos dinossauros,prehistoria
"na escala de tempo geológico, o mesozoico (pré-ao 1990: mesozóico) é a segunda das três eras geológicas do éon fanerozoico que começou em 251,9 milhões de anos e terminou em 66 milhões de anos, aproximadamente. a era mesozoica sucede a era paleozoica e precede a era cenozoica, ambas de seu éon. divide-se nos períodos triássico, jurássico e cretáceo, do mais antigo para o mais recente.",Mesozoico,prehistoria
"em busca do vale encantado (the land before time) é uma série de animação americana e franquia de mídia criada por judy freudberg e tony geiss, distribuída pela universal pictures e centrada em dinossauros. a série começou em 1988 com o homônimo em busca do vale encantado, dirigido e produzido por don bluth e com produção executiva de george lucas e steven spielberg. foi seguido por 13 sequências musicais diretamente em mídia doméstica, uma série de tv, videogames, trilhas sonoras e merchandising relacionado.",Em Busca do Vale Encantado,prehistoria
"na escala de tempo geológico, o cretáceo ou cretácico é o período da era mesozoica do éon fanerozoico que está compreendido entre há 143,1 milhões e 66 milhões de anos, aproximadamente. o período cretáceo sucede o período jurássico de sua era e precede o período paleogeno da era cenozoica de seu éon. divide-se nas épocas cretáceo inferior e cretáceo superior, da mais antiga para a mais recente.",Cretáceo,prehistoria
"theropoda ou terópodes (que significa ""pés de ser selvagem"") é uma subordem de dinossauros bípedes, geralmente (mas não necessariamente) carnívoros ou omnívoros. as aves fazem parte deste grupo.


== história evolutiva ==


=== triássico ===
o grupo theropoda surgiu no início do período triássico há aproximadamente 230 milhões de anos como pequenos animais carnívoros.",Theropoda,prehistoria
"tyrannosaurus (em português tiranossauro) é um gênero de grandes dinossauros terópodes.  a espécie-tipo do gênero é tyrannosaurus rex, que ganhou o epíteto específico de rex, por ser o maior dinossauro carnívoro conhecido quando foi descoberto. viveu na região onde hoje é a américa do norte, no antigo continente insular de laramidia.",Tiranossauro,prehistoria
"o triássico (ou triásico) é um período geológico que se estende entre há 251,9 milhões a 201,4 milhões de anos. é o primeiro período da era mesozoica e fica entre o permiano e jurássico. o início e o fim do período são marcados por eventos de extinção em massa.",Triássico,prehistoria
"walking with dinosaurs é um documentário para televisão, produzido em 1999 pela bbc. o documentário fala sobre os dinossauros e suas eras, de uma forma nunca antes vista, dando ideias até sobre simbiose entre algumas espécies.


== episódios ==
assim como os documentários sobre vida selvagem comuns, walking with dinosaurs foi dividido em episódios.",Walking with Dinosaurs,prehistoria
"a extinção do cretáceo-paleógeno (k-pg), anteriormente chamada de extinção do cretáceo-terciário (k-t), foi uma extinção em massa, ocorrida há mais ou menos 65,5 milhões de anos, que marca o fim do período cretáceo (k, abreviação tradicional) e o início do paleógeno (pg). este evento teve um enorme impacto na biodiversidade da terra e vitimou boa parte dos seres vivos da época, incluindo os dinossauros e outros répteis gigantes. o registro estratigráfico mostra que o desaparecimento abrupto das espécies que foram extintas coincide com um nível estratigráfico, denominado nível k-pg, rico em irídio, um elemento químico pouco abundante na terra e geralmente associado a corpos extraterrestres ou a fenômenos vulcânicos.",Extinção do Cretáceo-Paleogeno,prehistoria
"coelurosauria é um clado de dinossauros terópodes emplumados e que eram predadores. a coelurosauria é um subgrupo de dinossauros de terópodes que inclui compsognathidae, tyrannosauroidea, ornithomimosauria e maniraptora; maniraptora inclui aves, o único grupo de dinossauros vivo hoje.
todos dos dinossauros emplumados descobertos até agora foram celurossauros, a menos que as estruturas vistas em ornitísquios como o kulindadromeus sejam homólogas às penas.",Coelurosauria,prehistoria
"o vale dos dinossauros é uma unidade de conservação do estado da paraíba, criada em 27 de dezembro de 2002 pelo decreto estadual n.º 23.832 e classificada como um monumento natural. conhecida principalmente pela presença de centenas de pegadas fossilizadas de dinossauros.
é um dos mais importantes sítios paleontológicos do brasil, com descobertas científicas servindo como referência para várias pesquisas ao redor do mundo.",Monumento Natural Vale dos Dinossauros,prehistoria
"jurassic world rebirth (bra: jurassic world: recomeço; prt: mundo jurássico: renascimento) é um filme americano de ação e ficção científica dirigido por gareth edwards e escrito por david koepp. uma sequência independente de jurassic world dominion (2022), é o quarto filme da série jurassic world e o sétimo da franquia jurassic park. o elenco principal inclui scarlett johansson, mahershala ali e jonathan bailey, junto com rupert friend, manuel garcia-rulfo, luna blaise, david iacono e ed skrein.",Jurassic World Rebirth,prehistoria
"jurassic world evolution é um jogo eletrônico de simulação de negócios desenvolvido e publicado pela frontier developments em junho de 2018 para playstation 4, windows e xbox one, com base no filme jurassic world, de 2015. uma versão do jogo para nintendo switch foi lançada em novembro de 2020. no jogo, o jogador constrói um parque de dinossauros no arquipélago las cinco muertes, um grupo de cinco ilhas.",Jurassic World Evolution,prehistoria
"peirópolis é um distrito rural pertencente ao município de uberaba, em minas gerais. situa-se a uma distância de 20 km do centro urbano de uberaba, sendo acessado principalmente pela rodovia br-262.   
na região, ocorrem dois sítios paleontológicos: peirópolis, e serra da galga, ambos apresentando ricas faunas de vertebrados e invertebrados do cretáceo superior do brasil.",Peirópolis,prehistoria
"stegosaurus — aportuguesado como estegossauro (pronúncia em português: [iʃtɛɡɔˈsawru]) ou estegossáurio — é um gênero de dinossauros herbívoros tireóforos. os fósseis deste gênero datam do período jurássico superior, do período kimmeridgiano aos primeiros estratos envelhecidos do tithoniano, entre 155 e 148 milhões de anos atrás, no oeste dos estados unidos e em portugal. das espécies que foram classificadas da parte superior da formação morrison no oeste dos estados unidos, apenas três são universalmente reconhecidas; s. stenops, s. ungulatus e s. sulcatus.",Stegosaurus,prehistoria
"na escala de tempo geológico, o paleogeno ou paleogénico é o período da era cenozoica do éon fanerozoico que está compreendido entre há 66 milhões e e 23,03 milhões de anos, aproximadamente. o período paleogeno sucede ao período cretáceo da era mesozoica de seu éon e precede o período neogeno de sua era. divide-se nas épocas paleocena, eocena e oligocena, da mais antiga para a mais recente.",Paleogeno,prehistoria
"a conspiração do acre é uma teoria da conspiração satírica em volta do estado brasileiro do acre, onde é afirmado que este não existe, ou que dinossauros habitam o território.
a conspiração é citada em matérias jornalísticas, e foi estudada em artigos acadêmicos. um artigo acadêmico de 2014 de giselle xavier d'ávila lucena menciona que ""é possível afirmar a existência de uma descontextualização da história do acre, resultante das dinâmicas de produção e distribuição midiáticas"", e que ""o processo de ocupação e definição espacial dos territórios acreanos se somaram aos processos midiatizados e cristalizaram uma experiência de negação.",Conspiração do Acre,prehistoria
"dinosaur (bra/prt: dinossauro) é um filme norte-americano de animação produzido pela walt disney feature animation e distribuído pela walt disney pictures. foi o 39º clássico disney e primeiro longa-metragem animado por computador da disney fora da pixar, embora não seja oficialmente rotulado como um dos clássicos animados no reino unido, onde selvagem (2006) está incluído no cânone em vez. originalmente, um filme independente, que não foi incluído no cânon até 2008.",Dinossauro (2000),prehistoria
"ornithischia, (ornitísquios em português, chamados ainda de predentata) constituem uma ordem de dinossauros herbívoros, caracterizados pelo focinho em forma de bico e pela estrutura da pélvis (bacia) que se assemelha à das aves. esta característica distingue os ornithischia dos saurischia, a outra ordem de dinossauros.
as diferentes espécies destes animais podiam ser tanto bípedes como quadrúpedes, embora houvesse uma predominância de espécies quadrupedes, e ainda outras que, segundo creem os paleontológos, poderiam assumir as duas posturas.",Ornithischia,prehistoria
"esta lista de dinossauros não avianos é uma lista detalhada de todos os gêneros que já foram incluídos na superordem dinosauria, excluindo o clado aves ou neornithes (aves, tanto as vivas quanto as que são conhecidas apenas a partir de fósseis), e termos puramente vernáculos. a lista inclui todos os gêneros comumente aceitos, mas também gêneros que agora são considerados inválidos e duvidosos (nomen dubium), ou não foram formalmente publicados (nomen nudum), bem como sinônimos juniores de nomes mais tradicionais, e gêneros que não são considerados dinossauros. muitos dos nomes listados foram reclassificados como aves, crocodilianos ou madeira petrificada.",Lista de dinossauros não avianos,prehistoria
"esta é uma lista de dinossauros cujos restos foram recuperados na austrália e na antártida.


== lista de dinossauros da austrália e da antártida ==

agrosaurus é um nomen dubium ou sinônimo júnior de thecodontosaurus. ele não é mais considerado um gênero australiano.",Lista de dinossauros da Austrália e Antártida,prehistoria
"velociraptor (em português, velociraptor ou velocirraptor), é um gênero de dinossauros terópodes que viveram aproximadamente há 84 e 85 milhões de anos, durante a última parte do período cretáceo. duas espécies são reconhecidas atualmente, embora outras tenham sido atribuídas no passado. a espécie-tipo é v. mongoliensis; fósseis desta espécie foram descobertos na mongólia.",Velociraptor,prehistoria
"scotty é o apelido do fóssil de tyrannosaurus rex, catalogado como rsm p2523.8, que foi descoberto em saskatchewan, canadá, em 1991. os restos fossilizados foram meticulosamente removidos, quase completamente à mão, ao longo de duas décadas da rocha em que foram incorporados. quando a preparação foi concluída em 2011, um esqueleto de t. rex aproximadamente 65% completo foi revelado.",Scotty (dinossauro),prehistoria
"jurassic park, mais tarde também conhecido como jurassic world, é uma franquia de mídia de ficção científica estadunidense baseada na história criada por michael crichton, onde uma tentativa de criar um parque temático onde vivem dinossauros, acaba em desastre.
tudo começou em 1990, quando a universal studios adquiriu os direitos de adaptação do romance de michael crichton, antes mesmo de ser publicado. o livro, lançado em 1990, foi bem-sucedido, assim como o filme, que foi um mega sucesso em sua estreia nos cinemas em 1993, sendo até aquele momento, a maior bilheteria da história do cinema, arrecadando us$ 914 milhões no mundo todo.",Jurassic Park (franquia),prehistoria
"a culinária é a arte de cozinhar, (ver: artes mecânicas) ou seja, o acto de confeccionar alimentos. ela evoluiu ao longo da história dos povos para tornar-se parte da cultura de cada povo. está invariavelmente associada à cozinha, pois este é o local ideal para cozinhar.",Culinária,culinaria
"a culinária do brasil é fruto de uma mistura de ingredientes europeus, indígenas e africanos. muitos dos componentes das receitas e técnicas de preparo são de origem indígena, tendo sofrido modificações por parte dos portugueses e dos escravos oriundos da áfrica. esses faziam adaptações dos seus pratos típicos substituindo os ingredientes que faltassem por correspondentes locais.",Culinária do Brasil,culinaria
"a culinária da frança compreende uma grande variedade de pratos e de grande prestígio no mundo, principalmente no ocidente. a grande variedade de queijos, vinhos, carnes e doces é a imagem de marca da frança em termos de gastronomia.
tradicionalmente, cada região francesa tem uma culinária própria: a culinária do noroeste usa manteiga, crème fraîche e maçãs; a culinária provençal (do sudeste) prefere azeite, verduras e tomates; a do sudoeste usa gordura de pato, fígado (foie gras), cogumelos (cèpes) e moelas; a culinária do nordeste relembra a culinária da alemanha e usa banha de porco, salsichas e chucrute.",Culinária da França,culinaria
"a culinária indígena no brasil é fruto de uma mistura de ingredientes de mais de duzentas etnias indígenas oficialmente reconhecidas no brasil.
os povos indígenas passam por modificações nos costumes alimentares nativos em sua contínua resistência contra a ocidentalização de seus hábitos alimentares. são transformações nutricionais que levam ao empobrecimento da dieta, crescimento da ingestão de gorduras e açúcares e simplificação da diversidade alimentar.",Culinária indígena no Brasil,culinaria
"a culinária italiana evoluiu através dos séculos, ao longo das mais variadas alterações sociais e políticas; suas raízes podem ser traçadas até o século iv a.c. mudanças significantes ocorreram com a descoberta do novo mundo, que ajudaram a moldar muito do que é conhecido como a culinária italiana hoje em dia, através da introdução de ingredientes como batatas, tomates, pimentões e milho, todos eles parte central da cozinha daquele país, e que no entanto só foram introduzidos em grande escala a partir do século xviii.
é uma das culinárias mais populares do mundo, com suas pizzas, massas, vinhos e outros tipos de preparações. tanto ingredientes como pratos mudam de região para região do país. existem diversos pratos regionais importantes que também assumiram caráter nacional, enquanto diversos pratos proliferaram, em diversas variantes, por todo o mundo.",Culinária da Itália,culinaria
"a culinária dos estados unidos reflete a história dos estados unidos, mesclando as contribuições culinárias de vários grupos de pessoas de todo o mundo, incluindo; afro-americanos, asiáticos, europeus, ilhéus do pacífico e sul-americanos. os primeiros nativos americanos utilizaram uma série de métodos culinários nos primórdios da culinária americana que foram misturados com os primeiros métodos culinários europeus para formar a base do que hoje é a culinária americana. o assentamento europeu das américas introduziu uma série de ingredientes, especiarias, ervas e estilos de culinária para o continente.",Culinária dos Estados Unidos,culinaria
"culinária africana é parte integrante das diversas culturas do continente africano. a evolução dessa culinária está ligada à vida dos povos nativos, influenciada por práticas religiosas, clima e agricultura local. as sociedades africanas iniciais eram compostas por caçadores-coletores que buscavam frutas, vegetais, nozes e caçavam animais como sustento.",Culinária africana,culinaria
"a culinária austríaca é um estilo de culinária nativo da áustria e composto por influências da europa central e de todo o antigo império austro-húngaro. a culinária austríaca é mais frequentemente associada à culinária vienense, mas existem variações regionais significativas.


== hora das refeições ==

o café da manhã é do tipo ""continental"", geralmente composto por pãezinhos com compota ou charcutaria e queijo, acompanhados de café, chá ou suco.",Culinária Austríaca,culinaria
"a culinária mineira é uma das mais diversificadas do brasil e tem fortes raízes na cultura dos bandeirantes e tropeiros que saíram da região de são paulo e levaram consigo ingredientes e técnicas que formaram a base da comida caipira, originária naquele estado, que, por sua vez, influenciou a culinária mineira. fruto de um processo de fusão entre as culturas caipira, indígena, africana e europeia, especialmente portuguesa, esse processo teve início no século xviii, quando a capitania de são paulo e minas de ouro ganhou destaque com o ciclo do ouro, momento em que as comidas foram sendo levadas por bandeirantes e desbravadores que saíam do vale do paraíba durante o processo de expansão territorial e cultural de são paulo conhecido como paulistânia. posteriormente, houve o desmembramento da capitania, dando origem à capitania de minas gerais em 2 de dezembro de 1720.",Culinária de Minas Gerais,culinaria
"o prato rancho é típico da culinária portuguesa, sendo de origem da região de trás-os-montes e alto douro.
existem diversas formas de o confeccionar, sendo a mais conhecida e divulgada a oriunda de viseu. o rancho é confeccionado com diversos ingredientes, entre os quais o toucinho, o chouriço, o chouriço de vinho, a farinheira, a couve, a massa (macarrão ou outros tipos), o grão, a batata e a cenoura.",Rancho (culinária),culinaria
"a culinária tradicional de angola é influenciada pela tradicional culinária africana, tendo também recebido uma forte influência da culinária portuguesa e da culinária brasileira.
os ingredientes mais comumente utilizados são cereais cultivados há séculos no país, entre eles sorgo, painço e milho, além de feijão frade, lentilha, inhame, dinhungo (abóbora-carneira) e quiabo. entre as frutas, os destaques são para a melancia, o tamarindo e a múcua (fruto do imbondeiro).",Culinária de Angola,culinaria
"a culinária japonesa se desenvolveu ao longo dos séculos como um resultado de muitas mudanças políticas e sociais no japão. a culinária eventualmente passou por um processo de evolução com o advento da idade média, que marcou o início da expansão do elitismo com a era do domínio xogum. no começo da era moderna ocorreram mudanças significativas, resultando na introdução de elementos de culturas não-japonesas, principalmente da cultura ocidental, no japão.",Culinária do Japão,culinaria
"a culinária do ceará é uma divulgada característica do estado que é conhecido por seus atrativos turísticos como a praia de jericoacoara e a capital, fortaleza. o ceará também tem uma culinária que chama a atenção. muitos dos seus pratos são comuns em outros estados nordestinos, porém o estado possui alguns sabores bem únicos, seja por conta de suas receitas típicas ou pelo modo de preparo.",Culinária do Ceará,culinaria
"pastel é um alimento composto por uma massa à base de farinha, que é frita ou assada e contém um recheio doce ou salgado. é um dos alimentos mais frequentemente encontrados em carrinhos de rua e centros de comércio popular em diferentes países.
no brasil, o pastel assume um formato característico retangular ou em meia-lua e geralmente é frito, levando por vezes o nome de ""pastel de feira"", em referência à sua tradicional comercialização em feiras livres pelo país.",Pastel (culinária),culinaria
"thiago castanho é um chef de cozinha do pará, sendo considerado um dos chefs mais renomados do brasil. ele é formado em gastronomia pelo senac de campos do jordão e mescla técnicas culinárias modernas com a culinária tradicional amazônica, em especial com a culinária do pará.
thiago tem diversas aparições na televisão, incluindo como apresentador em reality shows de culinária como ""cozinheiros em ação"".",Thiago Castanho (chef),culinaria
"a culinária cantonesa ou  culinária de guangdong, também conhecida como culinária yue (em chinês: 廣東菜 ou 粵菜) é a culinária da província de guangdong, na china, especialmente a capital da província, guangzhou, e as regiões vizinhas no delta do rio das pérolas, incluindo hong kong e macau. a rigor, a culinária cantonesa é a culinária de guangzhou ou dos falantes de cantonês, mas geralmente inclui os estilos de culinária de todos os falantes de chinês yue em guangdong.
a culinária teochew e a culinária hakka de guangdong são consideradas seus próprios estilos.",Culinária cantonesa,culinaria
"vori vori  é um prato tradicional da culinária do paraguai, uma espécie de sopa ou ensopado com bolotas de farinha de milho, carne de frango ou carne bovina, com ossos (puchero). é um prato saboroso e nutritivo, altamente calórico, consumido principalmente no inverno.


== origem do nome ==
esse nome provem da palavra em castelhano bola, que passou para a língua guarani, um dos idiomas oficiais do país, como vori.",Vori vori,culinaria
"taco é uma comida típica do méxico, popular também nos estados unidos, feita com massa fina de milho frita chamada de tortilla, que é moldada no formato de uma concha para receber um recheio. acredita-se que tenha sido inventado pelo imperador asteca monteczuma. o milho é a base da culinária mexicana desde antes da colonização espanhola.",Taco (culinária),culinaria
"mirepoix é um corte de 2 milímetros feito em vegetais e proteínas para caldos e outros preparos típicos da culinária da frança. os ingredientes tradicionais são a cebola, o aipo e a cenoura e, por vezes, presunto ou toucinho, todos normalmente cortados em pequenos pedaços e salteados em manteiga no início duma preparação, ou cozidos com outros ingredientes para fazer um caldo. para fazer um fundo escuro, é costume caramelizar o mirepoix antes de o misturar com o caldo.",Mirepoix (culinária),culinaria
"no âmbito da culinária, receitas são orientações que auxiliam no preparo de prato de forma sistematizada. caracterizam-se pelo uso de verbos no modo imperativo, configurando-se tipologicamente como textos instrucionais. atualmente, são disseminadas por meio de diversas plataformas, incluindo literatura especializada, programas de televisão e portais digitais dedicados à gastronomia.",Receita (culinária),culinaria
"arroz à piemontese é um prato típico da culinária brasileira, (não da culinária do piemonte, na itália), à base de arroz, creme de leite e champignon.
com a falta e dificuldade de compra do arroz arbório próprio para a feitura do risotto, os chefes brasileiros buscaram alternativas, com o creme de leite, fazendo assim um arroz ""à moda piemontesa"". a despeito de sua origem, é um acompanhamento geralmente servido em restaurantes de cozinha italiana, acompanhando um filé (preferencialmente filé mignon com molho madeira) juntamente com batatas fritas.",Arroz à piemontese,culinaria
"a culinária do mali inclui arroz e painço como alimentos básicos do mali, uma cultura alimentar fortemente baseada em grãos de cereais. os grãos são geralmente preparados com molhos feitos de folhas comestíveis, como batata-doce ou baobá, com molho de tomate e amendoim. os pratos podem ser acompanhados por pedaços de carne grelhada (tipicamente frango, carneiro, boi ou cabra).",Culinária do Mali,culinaria
"a  culinária do vietnã engloba os alimentos e bebidas do vietnã, e apresenta uma combinação de cinco fundamentais sabores ( vietnamita : ngu vi) na alimentação geral. cada prato vietnamita tem um sabor distinto que reflete um ou mais destes elementos. os ingredientes comuns incluem o molho de peixe, pasta de camarão, molho de soja, arroz, ervas frescas, frutas e legumes.",Culinária vietnamita,culinaria
"a cozinha de berlim descreve diferentes aspectos das ofertas culinárias de berlim. por um lado, significa a tradicional culinária berlinense das famílias berlinenses com pratos da culinária alemã. por outro lado, significa muitas vezes apenas um pub rústico e uma lanchonete, algo cada vez mais internacional devido às muitas ondas de migração desde 1945 e 1990.",Culinária de Berlim,culinaria
"a culinária da inglaterra foi formada principalmente pelas diversas interações com outros países europeus e a importação de ingredientes da américa do norte, china e índia durante o período do império britânico, e como resultado da imigração ocorrida no período pós-guerra.
desde a idade moderna a comida da inglaterra vem sendo caracterizada historicamente pela simplicidade de seu enfoque e por apoiar-se na alta qualidade dos produtos locais. isto foi influenciado em grande parte pela herança puritana da inglaterra, o que resultou numa culinária tradicional, que tendia a se afastar de sabores fortes como o alho, e evitar molhos complexos, comumente associados com as afiliações políticas católicas continentais.",Culinária da Inglaterra,culinaria
"a culinária do oriente médio é uma mistura de diferentes estilos, entre eles a culinária mediterrânea, a culinária do magreb e a cozinha árabe, embora a culinária de israel deva também ser considerada. uma das principais é o triguilho e o sucrilho como outros cereais.


== ingredientes ==
pode dizer-se que os cereais são a base da alimentação no médio oriente, principalmente o trigo, nas suas diferentes formas - farinha, semolina, triguilho -, mas também a cevada e o centeio, usados nos pães planos, como o pita (pão)|pita, mas também em pequenos pastel (culinária)|pasteis muito populares, como o börek, ou os que são elaborados com tiras como o yufka.",Culinária do Oriente Médio,culinaria
"a mandioquinha ou batata-baroa (arracacia xanthorrhiza) é um caule subterrâneo comestível muito usado na culinária brasileira.


== outros nomes e grafias ==
a mandioquinha é também chamada batata-fiúza , batata-salsa, mandioquinha-salsa (interior de são paulo), cenourinha-amarela ou cenourinha-branca,


== valor nutricional ==

*quantidade de nutrientes por porção de 100g da batata-baroa.",Arracacia xanthorrhiza,culinaria
"culinária da polônia (polonês: kuchnia polska) é uma mistura de tradições culinárias eslavas ocidentais e estrangeiras. surgida da mistura dos diversos costumes culinários das várias regiões da polônia e culturas vizinhas, ela utiliza uma grandes variedade de ingredientes. é rica em carne de todos os tipos e temperos, bem como de tipos diferentes de massas e bolinhos, sendo o mais popular deles o  pierogi  (massa cozida, com recheio de requeijão e batata, acompanhado de molho de linguiça, nata e bolas de requeijão).",Culinária da Polônia,culinaria
"pato no tucupi é um prato brasileiro típico da culinária da região norte do brasil. é elaborado com carne de pato selvagem banhada com tucupi - líquido de cor amarela extraído da raiz da mandioca brava - temperado com jambu, erva típica da região norte. há preferência de acompanhamento com arroz branco cozido e também farinha-d'água de mandioca.",Pato no tucupi,culinaria
"julia child, nascida julia carolyn mcwilliams (pasadena, 15 de agosto de 1912 — santa bárbara, 13 de agosto de 2004) foi uma autora de livros de culinária e apresentadora de televisão americana. foi casada com o funcionário público e diplomata americano paul cushing child.
julia child poderia ter sido apenas mais uma apresentadora de programa de culinária.",Julia Child,culinaria
